INSERT INTO `item_basic` VALUES (23822,0,'diamond_somen','diamond_somen',1,63552,0,1,0);
INSERT INTO `item_basic` VALUES (23823,0,'diamond_haramaki','diamond_haramaki',1,63552,0,1,0);
INSERT INTO `item_basic` VALUES (23824,0,'diamond_kote','diamond_kote',1,63552,0,1,0);
INSERT INTO `item_basic` VALUES (23825,0,'diamond_hizayori','diamond_hizayori',1,63552,0,1,0);
INSERT INTO `item_basic` VALUES (23826,0,'diamond_sune-ate','diamond_sune-ate',1,63552,0,1,0);
INSERT INTO `item_basic` VALUES (20931,0,'celestial_spear','celestial_spear',1,63552,0,1,0);
INSERT INTO `item_basic` VALUES (20593,0,'hedron_dagger','hedron_dagger',1,63552,0,1,0);
INSERT INTO `item_basic` VALUES (21520,0,'ethereal_fists','ethereal_fists',1,63552,0,1,0);
INSERT INTO `item_basic` VALUES (21624,0,'ethereal_sword','ethereal_sword',1,63552,0,1,0);
INSERT INTO `item_basic` VALUES (21771,0,'ethereal_great_axe','ethereal_great_axe',1,63552,0,1,0);
INSERT INTO `item_basic` VALUES (21838,0,'ethereal_scythe','ethereal_scythe',1,63552,0,1,0);
INSERT INTO `item_basic` VALUES (21962,0,'ethereal_tachi','ethereal_tachi',1,63552,0,1,0);
INSERT INTO `item_basic` VALUES (22090,0,'ethereal_staff','ethereal_staff',1,63552,0,1,0);
INSERT INTO `item_basic` VALUES (22146,0,'ethereal_bow','ethereal_bow',1,63552,0,1,0);
INSERT INTO `item_basic` VALUES (21571,0,'ethereal_dagger','ethereal_dagger',1,63552,0,1,0);
INSERT INTO `item_basic` VALUES (21713,0,'ethereal_axe','ethereal_axe',1,63552,0,1,0);
INSERT INTO `item_basic` VALUES (21666,0,'ethereal_g._sword','ethereal_g._sword',1,63552,0,1,0);
INSERT INTO `item_basic` VALUES (21911,0,'ethereal_katana','ethereal_katana',1,63552,0,1,0);
INSERT INTO `item_basic` VALUES (22053,0,'ethereal_club','ethereal_club',1,63552,0,1,0);
INSERT INTO `item_basic` VALUES (21873,0,'ethereal_spear','ethereal_spear',1,63552,0,1,0);
INSERT INTO `item_basic` VALUES (22165,0,'ethereal_gun','ethereal_gun',1,63552,0,1,0);

INSERT INTO `item_equipment` VALUES (23822,'diamond_somen',1,0,4194303,485,0,0,16,0,0); -- head 16
INSERT INTO `item_equipment` VALUES (23823,'diamond_haramaki',1,0,4194303,485,0,0,32,0,0); -- body 32
INSERT INTO `item_equipment` VALUES (23824,'diamond_kote',1,0,4194303,485,0,0,64,0,0); -- hands 64
INSERT INTO `item_equipment` VALUES (23825,'diamond_hizayori',1,0,4194303,485,0,0,128,0,0); -- legs 128
INSERT INTO `item_equipment` VALUES (23826,'diamond_sune-ate',1,0,4194303,485,0,0,256,0,0); -- feat 256
INSERT INTO `item_equipment` VALUES (23817,'jadeite_visor',1,0,4194303,484,0,0,16,0,0); -- head
INSERT INTO `item_equipment` VALUES (23818,'jadeite_cuirie',1,0,4194303,484,0,0,32,0,0); -- body
INSERT INTO `item_equipment` VALUES (23819,'jadeite_gloves',1,0,4194303,484,0,0,64,0,0); -- hands
INSERT INTO `item_equipment` VALUES (23820,'jadeite_chausses',1,0,4194303,484,0,0,128,0,0); -- legs
INSERT INTO `item_equipment` VALUES (23821,'jadeite_jambeaux',1,0,4194303,484,0,0,256,0,0); -- feat
INSERT INTO `item_equipment` VALUES (23832,'ruby_coronal',1,0,4194303,487,0,0,16,0,0); -- head
INSERT INTO `item_equipment` VALUES (23833,'ruby_robe',1,0,4194303,487,0,0,32,0,0); -- body
INSERT INTO `item_equipment` VALUES (23834,'ruby_cuffs',1,0,4194303,487,0,0,64,0,0); -- hands
INSERT INTO `item_equipment` VALUES (23835,'ruby_slops',1,0,4194303,487,0,0,128,0,0); -- legs
INSERT INTO `item_equipment` VALUES (23836,'ruby_pigaches',1,0,4194303,487,0,0,256,0,0); -- feat
INSERT INTO `item_equipment` VALUES (23812,'sapphire mask',1,0,4194303,483,0,0,16,0,0); -- head
INSERT INTO `item_equipment` VALUES (23813,'sapphire platemail',1,0,4194303,483,0,0,32,0,0); -- body
INSERT INTO `item_equipment` VALUES (23814,'sapphire gaunlets',1,0,4194303,483,0,0,65,0,0); -- hands
INSERT INTO `item_equipment` VALUES (23815,'sapphire trousers',1,0,4194303,483,0,0,128,0,0); -- legs
INSERT INTO `item_equipment` VALUES (23816,'sapphire leggings',1,0,4194303,483,0,0,256,0,0); -- feat

INSERT INTO `item_equipment` VALUES (20593,'hedron_dagger',1,0,4194303,775,0,0,3,0,0);
INSERT INTO `item_equipment` VALUES (21571,'ethereal_dagger',1,0,4194303,929,0,0,3,0,0);
INSERT INTO `item_equipment` VALUES (21520,'ethereal_fists',1,0,4194303,473,0,0,1,0,0);
INSERT INTO `item_equipment` VALUES (21624,'ethereal_sword',1,0,4194303,930,0,0,1,0,0);
INSERT INTO `item_equipment` VALUES (21771,'ethereal_great_axe',1,0,4194303,932,0,0,1,0,0);
INSERT INTO `item_equipment` VALUES (21838,'ethereal_scythe',1,0,4194303,934,0,0,1,0,0);
INSERT INTO `item_equipment` VALUES (21962,'ethereal_tachi',1,0,4194303,936,0,0,1,0,0);
INSERT INTO `item_equipment` VALUES (22090,'ethereal_staff',1,0,4194303,938,0,0,1,0,0); 
INSERT INTO `item_equipment` VALUES (21713,'ethereal_axe',1,0,4194303,931,0,0,1,0,0);
INSERT INTO `item_equipment` VALUES (21666,'ethereal_g._sword',1,0,4194303,432,0,0,1,0,0); 
INSERT INTO `item_equipment` VALUES (21911,'ethereal_katana',1,0,4194303,935,0,0,1,0,0);
INSERT INTO `item_equipment` VALUES (22053,'ethereal_club',1,0,4194303,937,0,0,1,0,0);
INSERT INTO `item_equipment` VALUES (21873,'ethereal_spear',1,0,4194303,933,0,0,1,0,0);
INSERT INTO `item_equipment` VALUES (20931,'celestial_spear',1,0,4194303,777,0,0,1,0,0);
INSERT INTO `item_equipment` VALUES (22165,'ethereal_gun',1,0,4194303,155,0,0,4,0,0);
INSERT INTO `item_equipment` VALUES (22146,'ethereal_bow',1,0,4194303,154,0,0,4,0,0);

INSERT INTO `item_weapon` VALUES (20931,'celestial_spear',1,0,0,0,0,1,1,396,1,0);
INSERT INTO `item_weapon` VALUES (20593,'hedron_dagger',1,0,0,0,0,1,1,150,1,0);
INSERT INTO `item_weapon` VALUES (21520,'ethereal_fists',1,0,0,0,0,4,1,96,1,0);
INSERT INTO `item_weapon` VALUES (21624,'ethereal_sword',1,0,0,0,0,2,1,240,1,0);
INSERT INTO `item_weapon` VALUES (21771,'ethereal_great_axe',1,0,0,0,0,2,1,540,1,0);
INSERT INTO `item_weapon` VALUES (21838,'ethereal_scythe',1,0,0,0,0,2,1,480,1,0);
INSERT INTO `item_weapon` VALUES (21962,'ethereal_tachi',1,0,0,0,0,2,1,450,1,0);
INSERT INTO `item_weapon` VALUES (22090,'ethereal_staff',1,0,0,0,0,3,1,366,1,0); 
INSERT INTO `item_weapon` VALUES (22146,'ethereal_bow',1,0,0,0,0,1,1,540,1,0);
INSERT INTO `item_weapon` VALUES (21571,'ethereal_dagger',1,0,0,0,0,1,1,180,1,0);
INSERT INTO `item_weapon` VALUES (21713,'ethereal_axe',1,0,0,0,0,2,1,288,1,0);
INSERT INTO `item_weapon` VALUES (21666,'ethereal_g._sword',1,0,0,0,0,2,1,480,1,0); 
INSERT INTO `item_weapon` VALUES (21911,'ethereal_katana',1,0,0,0,0,2,1,227,1,0);
INSERT INTO `item_weapon` VALUES (22053,'ethereal_club',1,0,0,0,0,3,1,288,1,0);
INSERT INTO `item_weapon` VALUES (21873,'ethereal_spear',1,0,0,0,0,1,1,480,1,0);
INSERT INTO `item_weapon` VALUES (22165,'ethereal_gun',1,0,0,0,0,1,1,600,1,0);
